SITE_ID,VISIT_NO,MEAN_SECCHI_DEPTH (m),Clear to bottom
AKCA15-079,1,0.88,
AKCA15-067,1,0.62,
AKCA15-069,1,0.38,
AKCA15-082,1,0.25,
AKCA15-066,1,0.5,Y
AKCA15-106,1,0.45,
AKCA15-106,2,0.45,
AKCA15-113,1,0.45,
AKCA15-101,1,0.38,
AKCA15-073,1,0.18,
AKCA15-120,1,0.35,
AKCA15-033,1,0.62,
AKCA15-009,1,0.38,
AKCA15-049,1,0.62,
AKCA15-018,1,1.38,
AKCA15-050,1,1.12,
AKCA15-010,1,1.12,
AKCA15-065,1,0.88,
AKCA15-114,1,0.88,
AKCA15-095,1,1.12,
AKCA15-107,1,1.12,
AKCA15-044,1,1.25,
AKCA15-024,1,0.82,
AKCA15-028,1,1.08,
AKCA15-016,1,0.67,
AKCA15-011,1,1.48,
AKCA15-039,1,1.38,
AKCA15-047,1,0.95,
AKCA15-051,1,1.48,
AKCA15-015,1,1.75,
AKCA15-013,1,0.75,
AKCA15-037,1,1.38,
AKCA15-005,1,1.42,
AKCA15-025,1,0.35,
AKCA15-005,2,1.37,
NCCA15-2410,1,0.64,
NCCA15-1420,1,0.71,
NCCA15-1421,1,0.7,
NCCA15-1423,1,0.48,
NCCA15-1426,1,0.59,
NCCA15-2413,1,0.98,
NCCA15-1424,1,0.63,
NCCA15-2412,1,0.63,
NCCA15-1425,1,0.97,
NCCA15-2411,1,0.99,
NCCA15-2407,1,0.76,
NCCA15-2409,1,0.4,
NCCA15-2414,1,0.86,
NCCA15-1422,1,2,
NCCA15-2408,1,1.05,
NCCA15-2422,1,0.9,
NCCA15-2423,1,1.08,
NCCA15-1420,2,1,
NCCA15-1421,2,1.19,
NCCA15-1089,1,3.52,
NCCA15-1090,1,1.7,
NCCA15-1091,1,4.05,
NCCA15-1094,1,2.45,
NCCA15-1098,1,3.5,
NCCA15-2612,1,2.8,
NCCA15-2616,1,3.35,
NCCA15-2623,1,3.28,
NCCA15-2624,1,1.2,Y
NCCA15-2627,1,2.95,
NCCA15-1101,1,4.07,
NCCA15-1089,2,6.33,
NCCA15-1092,1,1.93,
NCCA15-2611,1,2.9,Y
NCCA15-2615,1,5.1,
NCCA15-1093,1,0.7,Y
NCCA15-1096,1,1.98,
NCCA15-1097,1,2.5,Y
NCCA15-2618,1,1.65,
NCCA15-1090,2,2.92,
NCCA15-1100,1,2.22,
NCCA15-2614,1,1.85,
NCCA15-2622,1,2.67,
NCCA15-1118,1,0.92,
NCCA15-2593,1,0.25,
NCCA15-1124,1,0.85,
NCCA15-1122,1,0.75,
NCCA15-1123,1,0.65,
NCCA15-1095,1,0.75,
NCCA15-1099,1,2.82,
NCCA15-2617,1,0.6,Y
NCCA15-2621,1,0.7,Y
NCCA15-2625,1,3.18,
NCCA15-1116,1,0.65,
NCCA15-1252,1,1.2,Y
NCCA15-2636,1,1.8,Y
NCCA15-2637,1,1.32,
NCCA15-1235,1,1.22,
NCCA15-1245,1,0.8,Y
NCCA15-1276,1,0.65,
NCCA15-2638,1,2.38,
NCCA15-1115,1,0.55,
NCCA15-1116,2,0.45,
NCCA15-2595,1,0.55,
NCCA15-1125,1,1.22,
NCCA15-2594,1,1.08,
NCCA15-1117,1,1.05,
NCCA15-1127,1,0.15,
NCCA15-1115,2,0.15,
NCCA15-1126,1,0.15,
NCCA15-1119,1,0.65,
NCCA15-1120,1,0.82,
NCCA15-1121,1,0.85,
NCCA15-2592,1,0.35,
NCCA15-2596,1,0.65,
CNRF15-1001,1,0.3,Y
CNRF15-1002,1,0.45,Y
CNRF15-1003,1,0.8,Y
CNRF15-1004,1,0.3,Y
CNRF15-1005,1,0.4,Y
CNRF15-1006,1,0.6,Y
CNRF15-1007,1,0.6,Y
CNRF15-1008,1,0.9,Y
CNRF15-1019,1,0.5,Y
CNRF15-1019,2,0.4,Y
CNRF15-1020,1,0.45,Y
CNRF15-1020,2,0.4,Y
CNRF15-1021,1,0.35,Y
CNRF15-1022,1,0.4,Y
CNRF15-1023,1,0.6,Y
CNRF15-1024,1,0.5,Y
CNRF15-1025,1,0.45,Y
CNRF15-1026,1,0.7,Y
CNRF15-1027,1,0.55,Y
CNRF15-1035,1,0.5,Y
CNRF15-1036,1,0.85,Y
CNRF15-1037,1,0.8,Y
CNRF15-1038,1,0.4,Y
CNRF15-1039,1,0.8,Y
CNRF15-1040,1,0.9,Y
CNRF15-1041,1,0.6,Y
CNRF15-1042,1,0.9,Y
CNRF15-1051,1,0.7,Y
CNRF15-1052,1,0.5,Y
CNRF15-1053,1,0.5,Y
CNRF15-1054,1,0.6,Y
CNRF15-1055,1,0.6,Y
CNRF15-1056,1,0.3,Y
CNRF15-1057,1,0.5,Y
CNRF15-1058,1,1.1,Y
CNRF15-1087,1,0.7,Y
CNRF15-1088,1,0.6,Y
CNRF15-1089,1,0.5,Y
CNRF15-1090,1,0.35,Y
CNRF15-1091,1,0.65,Y
CNRF15-1092,1,0.6,Y
CNRF15-1093,1,0.8,Y
CNRF15-1094,1,0.3,Y
CNRF15-1095,1,0.6,Y
CNRF15-1120,1,0.4,Y
CNRF15-1121,1,0.9,Y
CNRF15-1122,1,0.85,Y
CNRF15-1123,1,0.6,Y
CNRF15-1124,1,0.4,Y
CNRF15-1125,1,1,Y
CNRF15-1127,1,0.9,Y
CNRF15-1128,1,0.55,Y
NCCA15-1571,1,3.37,
NCCA15-1574,1,1.65,
NCCA15-1576,1,1.68,
NCCA15-1550,1,0.38,
NCCA15-1554,1,1.92,
NCCA15-2170,1,0.18,
NCCA15-2164,1,0.34,
NCCA15-2172,1,0.49,
NCCA15-1552,1,0.95,
NCCA15-2183,1,0.72,
NCCA15-2165,1,0.85,
NCCA15-2168,1,1.45,
NCCA15-2167,1,1.05,
NCCA15-2169,1,1.05,
NCCA15-2171,1,1.55,
NCCA15-1549,1,0.32,
NCCA15-2166,1,0.57,
NCCA15-1685,1,3.5,Y
NCCA15-1684,1,1.69,
NCCA15-2369,1,1.31,
NCCA15-2371,1,1.2,Y
NCCA15-1687,1,6.43,
NCCA15-2372,1,0.8,Y
NCCA15-1657,1,1.57,
NCCA15-1660,1,1.6,
NCCA15-2342,1,2.07,
NCCA15-1659,1,1.75,
NCCA15-2343,1,1.7,Y
NCCA15-2344,1,0.9,Y
NCCA15-1302,1,2.67,
NCCA15-2378,1,1.1,Y
NCCA15-2379,1,1.1,Y
NCCA15-1304,1,1.7,Y
NCCA15-2377,1,1.58,
NCCA15-1438,1,1.1,Y
NCCA15-1188,1,0.6,
NCCA15-1197,1,0.75,
NCCA15-2327,1,0.48,
NCCA15-1308,1,0.9,
NCCA15-2387,1,1.25,
NCCA15-2388,1,1.7,Y
NCCA15-1179,1,0.85,
NCCA15-1187,1,0.95,
NCCA15-2326,1,0.55,
NCCA15-1193,1,1.55,
NCCA15-1311,1,0.67,
NCCA15-2384,1,1.22,
NCCA15-2385,1,0.95,
NCCA15-1176,1,2,
NCCA15-1178,1,1.1,Y
NCCA15-2317,1,1,Y
NCCA15-2322,1,1,Y
NCCA15-1437,1,4.05,
NCCA15-1443,1,3.18,
NCCA15-2398,1,2.37,
NCCA15-2399,1,1.65,
NCCA15-1442,1,1.43,
NCCA15-1177,1,0.7,
NCCA15-2319,1,1.02,
NCCA15-2320,1,3.05,
NCCA15-2321,1,1.3,Y
NCCA15-2402,1,3.63,
NCCA15-1457,1,2.22,
NCCA15-2390,1,2.53,
NCCA15-1454,1,0.68,
NCCA15-2392,1,2.9,
NCCA15-2393,1,1.52,
NCCA15-1455,1,1.28,
NCCA15-1456,1,1.75,
NCCA15-2391,1,1.3,Y
NCCA15-1684,2,0.9,
NCCA15-2370,1,4,Y
NCCA15-1686,1,1.9,Y
NCCA15-2400,1,1.68,
NCCA15-1439,1,1.73,
NCCA15-1677,1,2.5,Y
NCCA15-1309,1,0.92,
NCCA15-1308,2,1,
NCCA15-1302,2,2.7,Y
NCCA15-1303,1,3.52,
NCCA15-1658,1,1,Y
NCCA15-2345,1,1.75,
NCCA15-2367,1,0.95,
NCCA15-1657,2,0.8,
NCCA15-1176,2,2.55,
NCCA15-2401,1,0.43,
NCCA15-1647,1,1.95,
NCCA15-2362,1,2.1,Y
NCCA15-1679,1,1.4,Y
NCCA15-1683,1,1.9,Y
NCCA15-1667,1,2,Y
NCCA15-1665,1,0.75,
NCCA15-1648,1,2.5,Y
NCCA15-2333,1,2.4,Y
NCCA15-1669,1,2.3,Y
NCCA15-2355,1,2.4,Y
NCCA15-2332,1,1.5,Y
NCCA15-2334,1,3.5,Y
NCCA15-1650,1,3.3,Y
NCCA15-1668,1,1.2,Y
NCCA15-2335,1,2.7,Y
NCCA15-2350,1,2.38,
NCCA15-2354,1,2.75,
NCCA15-1683,2,2,Y
NCCA15-2352,1,2.2,
NCCA15-1647,2,2.3,Y
NCCA15-2351,1,3.3,Y
NCCA15-2361,1,2.5,Y
NCCA15-1666,1,0.8,Y
NCCA15-2353,1,1,Y
NCCA15-1665,2,0.93,
NCCA15-1678,1,1.6,Y
NCCA15-2363,1,1.3,Y
NCCA15-1649,1,2.17,
NCCA15-1651,1,2.07,
NCCA15-1440,1,1,Y
NCCA15-1454,2,0.9,
NCCA15-2312,1,0.91,
NCCA15-1189,1,1.12,
NCCA15-2308,1,0.68,
NCCA15-2310,1,0.69,
NCCA15-2309,1,0.78,
NCCA15-1190,1,0.86,
NCCA15-1192,1,1.36,
NCCA15-2311,1,0.8,
GURF15-1008,1,0.7,Y
GURF15-1011,1,0.9,Y
GURF15-1013,1,0.2,Y
GURF15-1015,1,0.5,Y
GURF15-1062,1,0.9,Y
GURF15-1063,1,0.6,Y
GURF15-1069,1,0.4,Y
GURF15-1072,1,0.4,Y
GURF15-1041,1,1.2,Y
GURF15-1046,1,1.2,Y
GURF15-1047,1,1.4,Y
GURF15-1048,1,0.7,Y
GURF15-1141,1,1,Y
GURF15-1142,1,1.3,Y
GURF15-1001,1,0.4,Y
GURF15-1002,1,0.2,Y
GURF15-1003,1,0.4,Y
GURF15-1042,1,1.1,Y
GURF15-1043,1,0.6,Y
GURF15-1051,1,0.2,Y
GURF15-1052,1,0.3,Y
GURF15-1067,1,0.8,Y
GURF15-1070,1,0.8,Y
GURF15-1132,1,0.4,Y
GURF15-1133,1,1.3,Y
GURF15-1006,1,0.6,Y
GURF15-1007,1,0.4,Y
GURF15-1012,1,0.4,Y
GURF15-1071,1,0.9,Y
GURF15-1073,1,0.6,Y
GURF15-1076,1,0.1,Y
GURF15-1019,1,0.6,Y
GURF15-1065,1,0.2,Y
GURF15-1068,1,0.4,Y
GURF15-1010,1,0.3,Y
GURF15-1014,1,1.7,
GURF15-1037,1,0.35,Y
GURF15-1061,1,1.4,Y
GURF15-1074,1,1.2,Y
GURF15-1122,1,0.3,Y
GURF15-1123,1,0.8,Y
GURF15-1017,1,0.9,Y
GURF15-1036,1,0.35,Y
GURF15-1018,1,2,Y
GURF15-1066,1,11.3,Y
GURF15-1075,1,0.8,Y
GURF15-1077,1,0.5,Y
GURF15-1007,2,0.8,Y
GURF15-1009,1,8.5,Y
GURF15-1016,1,1.6,Y
GURF15-1006,2,0.55,Y
GURF15-1064,1,0.6,Y
HIRF15-2001,1,1,Y
HIRF15-2002,1,1.5,Y
HIRF15-2005,1,1.5,Y
HIRF15-2006,1,1,Y
HIRF15-2007,1,1,Y
HIRF15-2013,1,1,Y
HIRF15-2017,1,1,Y
HIRF15-2019,1,1,Y
HIRF15-2021,1,1,Y
HIRF15-2022,1,1,Y
HIRF15-2023,1,1,Y
HIRF15-2027,1,2.5,Y
HIRF15-2033,1,1.5,Y
HIRF15-2034,1,1,Y
HIRF15-2036,1,1,Y
HIRF15-2042,1,0.53,
HIRF15-2043,1,1.5,Y
HIRF15-2045,1,0.5,Y
HIRF15-2046,1,0.75,Y
HIRF15-2049,1,1.5,Y
HIRF15-2052,1,1,Y
HIRF15-2058,1,1,Y
HIRF15-2069,1,2,Y
HIRF15-2001,2,0.5,Y
HIRF15-2002,2,1,Y
HIRF15-2003,1,1,Y
HIRF15-2004,1,2,Y
HIRF15-2008,1,1.4,Y
HIRF15-2010,1,2.5,Y
HIRF15-2014,1,0.58,
HIRF15-2015,1,2,Y
HIRF15-2016,1,1.1,
HIRF15-2018,1,1,Y
HIRF15-2024,1,1.1,Y
HIRF15-2026,1,0.45,
HIRF15-2030,1,0.75,Y
HIRF15-2031,1,1.27,
HIRF15-2032,1,1.83,
HIRF15-2039,1,1,Y
HIRF15-2044,1,1.5,Y
HIRF15-2047,1,1.3,Y
HIRF15-2055,1,1,Y
HIRF15-2059,1,2,Y
HIRF15-2061,1,1,Y
HIRF15-2064,1,1.3,Y
HIRF15-2082,1,1,Y
HIRF15-2028,1,1.5,Y
HIRF15-2035,1,1.23,
HIRF15-2079,1,1.5,Y
HIRF15-2051,1,1,Y
HIRF15-2067,1,1.5,Y
HIRF15-2072,1,1.5,Y
GLNS15-2065,1,2.63,
GLBA15-1048,1,3.6,
GLBA15-3251,1,3.55,
GLNS15-1259,1,4.35,
GLNS15-2051,1,4,
NCCA15-1475,1,0.92,
NCCA15-1335,1,0.55,
NCCA15-2435,1,0.48,
NCCA15-1478,1,1,
NCCA15-2433,1,1.07,
NCCA15-2436,1,1.12,
NCCA15-1441,1,0.35,
NCCA15-1474,1,1.73,
NCCA15-1436,1,0.45,
NCCA15-1476,1,1.38,
NCCA15-2441,1,1.25,
NCCA15-1482,1,0.38,
NCCA15-1316,1,0.22,
NCCA15-1315,1,0.08,
NCCA15-2438,1,0.28,
NCCA15-2442,1,0.62,
NCCA15-1336,1,0.82,
NCCA15-1330,1,0.57,
NCCA15-2479,1,0.55,
NCCA15-2475,1,0.55,
NCCA15-1334,1,0.25,
NCCA15-2477,1,0.25,
NCCA15-2478,1,0.15,
NCCA15-1329,1,0.25,
NCCA15-1331,1,0.65,
NCCA15-1332,1,0.55,
NCCA15-2474,1,0.75,
NCCA15-2434,1,0.38,
NCCA15-1474,2,0.88,
NCCA15-1486,1,0.38,
NCCA15-1487,1,0.62,
NCCA15-2476,1,0.45,
NCCA15-2480,1,0.45,
NCCA15-1483,1,0.88,
NCCA15-2442,2,0.62,
NCCA15-1337,1,0.65,
NCCA15-1330,2,0.75,
NCCA15-1345,1,0.62,
NCCA15-1444,1,0.35,
NCCA15-2524,1,0.45,
NCCA15-2440,1,0.88,
NCCA15-1346,1,0.62,
NCCA15-2488,1,0.38,
NCCA15-2496,1,0.38,
NCCA15-2525,1,0.08,
NCCA15-1349,1,0.62,
NCCA15-2492,1,0.62,
NCCA15-2489,1,0.62,
NCCA15-2493,1,0.88,
NCCA15-1316,2,0.45,
NCCA15-1320,1,0.15,
NCCA15-2458,1,0.95,
NCCA15-2464,1,0.15,
NCCA15-2465,1,0.65,
NCCA15-2459,1,0.65,
NCCA15-2462,1,0.55,
NCCA15-1317,1,0.35,
NCCA15-1319,1,0.25,
NCCA15-1350,1,0.37,
NCCA15-2500,1,0.42,
NCCA15-1315,2,0.55,
NCCA15-1321,1,0.25,
NCCA15-1318,1,0.45,
NCCA15-1351,1,0.7,
NCCA15-1353,1,0.8,
NCCA15-1355,1,0.48,
NCCA15-2466,1,0.55,
NCCA15-2499,1,0.48,
NCCA15-2460,1,0.45,
NCCA15-1412,1,0.57,
NCCA15-1348,1,0.88,
NCCA15-2495,1,1.12,
NCCA15-2498,1,2.12,
NCCA15-2444,1,1.32,
NCCA15-1485,1,0.62,
NCCA15-1481,1,0.58,
NCCA15-1329,2,0.45,
NCCA15-1354,1,0.62,
NCCA15-2491,1,0.55,
NCCA15-1411,1,0.15,
NCCA15-2483,1,0.55,
NCCA15-1413,1,0.15,
NCCA15-2520,1,0.2,
NCCA15-1345,2,0.52,
NCCA15-1346,2,0.58,
NCCA15-2490,1,0.55,
NCCA15-1436,2,0.75,
NCCA15-1444,2,0.65,
NCCA15-2497,1,0.62,
NCCA15-1347,1,0.42,
NCCA15-1487,2,0.43,
NCCA15-1411,2,0.45,
NCCA15-1415,1,0.55,
NCCA15-1416,1,0.45,
NCCA15-2516,1,0.35,
NCCA15-1417,1,0.55,
NCCA15-2519,1,0.65,
MACA15-3037,1,7.15,
MACA15-3001,1,2.48,
MACA15-3039,1,1.6,
MACA15-3003,1,3.43,
MACA15-3005,1,1.4,
MACA15-3049,1,3.02,
MACA15-3004,1,4.03,
MACA15-3048,1,1.2,
MACA15-3050,1,2.98,
MACA15-3051,1,2.28,
MACA15-3052,1,1.88,
MACA15-3047,1,0.98,
MACA15-3063,1,2.28,
MACA15-3062,1,2.47,
MACA15-3059,1,1.02,
MACA15-3060,1,3.02,
MACA15-3061,1,1.25,
MACA15-3008,1,2.48,
MACA15-3094,1,2.15,
MACA15-3100,1,8.13,
MACA15-3096,1,3,
MACA15-3099,1,2.65,
MACA15-3023,1,2.7,
MACA15-3016,1,7,
MACA15-3084,1,4.4,
MACA15-3010,1,7.88,
MACA15-3011,1,9.45,
MACA15-3012,1,8.43,
MACA15-3073,1,8.65,
MACA15-3076,1,11.25,
MACA15-3024,1,3.5,
MACA15-3072,1,12.02,
MACA15-3003,2,5.42,
MACA15-3015,1,9.72,
MACA15-3086,1,9.28,
MACA15-3082,1,8.27,
MACA15-3023,2,3.83,
MACA15-3038,1,4.05,
MACA15-3002,1,5.28,
NCCA15-1599,1,0.57,
NCCA15-1601,1,0.77,
NCCA15-1604,1,0.57,
NCCA15-1627,1,0.38,
NCCA15-2232,1,0.45,
NCCA15-1502,1,1.05,
NCCA15-1507,1,2.25,
NCCA15-1517,1,2.55,
NCCA15-1519,1,1.76,
NCCA15-2190,1,0.76,
NCCA15-2194,1,0.87,
NCCA15-2196,1,2.38,
NCCA15-2209,1,1.55,
NCCA15-1513,1,0.75,
NCCA15-2189,1,1.45,
NCCA15-2191,1,1.87,
NCCA15-1509,1,0.72,
NCCA15-1512,1,1.68,
NCCA15-1520,1,1.35,
NCCA15-2200,1,1.18,
NCCA15-2204,1,0.52,
NCCA15-1511,1,0.52,
NCCA15-2187,1,0.48,
NCCA15-1514,1,1.42,
NCCA15-2186,1,0.51,
NCCA15-2206,1,0.52,
NCCA15-2202,1,0.45,
NCCA15-1518,1,2.35,
NCCA15-1599,2,0.57,
NCCA15-2046,1,4.68,
NCCA15-1015,1,5.53,
NCCA15-2047,1,6.28,
NCCA15-2044,1,4.9,
NCCA15-1016,1,4.23,Y
NCCA15-2049,1,2.15,
NCCA15-1013,1,5.32,
NCCA15-1017,1,3.75,
NCCA15-1018,1,2.78,
NCCA15-2042,1,2.27,
NCCA15-2050,1,4.23,
NCCA15-1062,1,3.15,
NCCA15-1054,1,2.98,
NCCA15-2054,1,3.98,
NCCA15-1058,1,5.13,
NCCA15-1081,1,6.37,
NCCA15-2070,1,4.95,
NCCA15-1080,1,5.63,
NCCA15-1082,1,3,
NCCA15-2071,1,4.98,
NCCA15-1083,1,5.42,
NCCA15-1079,1,6.65,
NCCA15-2068,1,5.27,
NCCA15-2069,1,5.35,
NCCA15-2072,1,4.77,
NCCA15-2060,1,6.13,
NCCA15-2065,1,8.32,
NCCA15-1052,1,5.12,
NCCA15-2061,1,6.35,
NCCA15-2056,1,4.12,
NCCA15-1055,1,3.08,
NCCA15-2058,1,3.42,
NCCA15-1059,1,4.07,
NCCA15-1063,1,2.15,
NCCA15-1083,2,4.18,
NCCA15-2064,1,3.57,
NCCA15-1050,1,2.48,
NCCA15-2053,1,5.63,
NCCA15-2063,1,3.83,
NCCA15-1067,1,4.93,
NCCA15-1013,2,4.87,
NCCA15-1050,2,3.47,
NCCA15-1065,1,2.5,
LHLEC-008,1,2.45,
LHLEC-020,1,3.02,
LHLEC-024,1,3.53,
LHLEC-019,1,2.85,
LHLEC-026,1,2.8,
LHLEC-014,1,5.22,
LHLEC-082,1,5.72,
LHLEC-007,1,2.93,
LHLEC-006,1,3.03,
LHLEC-021,1,2.32,
LHLEC-025,1,2.02,
LHLEC-025,2,2.03,
LHLEC-009,1,2.5,
LHLEC-005,1,2.45,
LHLEC-083,1,1.98,
LHLEC-018,1,2.22,
GLBA15-3230,1,7.7,Y
GLBA15-3237,1,14.2,Y
GLBA15-1028,1,0.7,Y
GLBA15-1040,1,3.8,Y
GLBA15-1051,1,1.7,Y
GLBA15-3214,1,0.8,Y
GLBA15-3221,1,18.03,
GLBA15-3246,1,10.2,
GLBA15-1012,1,10.35,
GLBA15-3205,1,16.28,
GLNS15-1156,1,0.6,
GLNS15-1348,1,8.1,Y
GLBA15-1036,1,9.1,Y
GLNS15-1169,1,0.35,
GLNS15-2153,1,0.55,
GLNS15-1340,1,10.08,
GLNS15-2001,1,8.15,
GLNS15-2005,1,7.13,
GLBA15-3235,1,0.4,
GLBA15-1034,1,0.5,
GLNS15-1350,1,8.28,
GLNS15-1353,1,12.2,Y
GLNS15-2002,1,8.17,
GLNS15-1343,1,7.1,
GLNS15-2017,1,7.12,
GLNS15-1347,1,4.42,
GLNS15-2020,1,4,
GLNS15-2006,1,2.8,Y
GLBA15-1066,1,8.55,
LHLEC-032,1,4.22,
LHLEC-044,1,2.65,
LHLEC-042,1,1.63,
LHLEC-046,1,3.15,
LHLEC-028,1,2.45,
GLBA15-3265,1,14.03,
GLBA15-1021,1,1.4,Y
GLBA15-3203,1,1.68,
GLBA15-1044,1,3,Y
GLBA15-3262,1,1.82,
GLNS15-2025,1,8.08,
GLNS15-1247,1,2.2,Y
GLBA15-1006,1,4.6,Y
GLBA15-3242,1,6.8,Y
GLNS15-1205,1,10.93,
LHLEC-026,1,2.68,
LHLEC-106,1,2.22,
LHLEC-107,1,5.12,
LHLEC-111,1,1,Y
LHLEC-115,1,2.68,
LHLEC-122,1,1.03,
GLBA15-1003,1,11.9,
GLNS15-2098,1,10.8,
GLNS15-1203,1,8.05,
GLNS15-1212,1,9.1,
LHLEC-041,1,2.17,
LHLEC-103,1,4.72,
LHLEC-123,1,1.68,
GLNS15-1215,1,2.8,Y
GLNS15-2101,1,1.1,Y
GLBA15-1008,1,3.32,
GLBA15-3245,1,5.97,
GLNS15-2066,1,2.8,Y
GLBA15-1009,1,6,Y
GLNS15-1211,1,6.5,Y
GLBA15-1024,1,4.25,
GLNS15-2052,1,4.57,
GLBA15-1005,1,1.98,
GLNS15-1248,1,9.85,
GLNS15-2007,1,8.25,
GLNS15-1245,1,7.42,
GLNS15-1258,1,7.47,
GLNS15-2056,1,11.07,
GLBA15-3247,1,1.7,Y
STMR-027,1,8.7,
STMR-030,1,2.5,Y
STMR-035,1,5.02,
STMR-038,1,1.7,Y
STMR-046,1,2.1,Y
STMR-050,1,3.3,
STMR-007,1,2.4,Y
STMR-010,1,1.3,Y
STMR-026,1,3.78,
GLNS15-1249,1,11.6,
GLBA15-3231,1,10.35,
GLBA15-3261,1,1.25,
GLBA15-3202,1,1,Y
STMR-051,1,2.97,
STMR-021,1,0.98,
STMR-029,1,2.38,
STMR-049,1,2.48,
STMR-025,1,3.22,
STMR-002,1,2.82,
STMR-033,1,1.6,Y
STMR-045,1,3.1,Y
STMR-041,1,1.38,
STMR-040,1,1.72,
STMR-001,1,1.4,Y
STMR-015,1,1.87,
STMR-004,1,2.08,
STMR-020,1,2.08,
STMR-037,1,1.12,
STMR-005,1,1.2,
GLBA15-1043,1,5.23,
GLBA15-3257,1,3.32,
STMR-009,1,2.77,
STMR-014,1,3.43,
STMR-028,1,0.88,
STMR-017,1,1.12,
STMR-008,1,2.2,
STMR-036,1,2.1,
STMR-031,1,2.05,
STMR-044,1,1.73,
STMR-047,1,1.88,
STMR-013,1,1.73,
STMR-012,1,1.95,
STMR-024,1,1.85,
GLNS15-2508,1,0.6,
GLNS15-2524,1,0.62,
GLNS15-2552,1,1.07,
GLNS15-2184,1,1,Y
GLNS15-2528,1,2.83,
GLBA15-1008,2,6.1,
GLNS15-2162,1,3.47,
GLNS15-1197,1,1.05,Y
GLNS15-2106,1,0.75,
GLNS15-1198,1,11,Y
GLNS15-1201,1,1.05,
GLBA15-1005,2,2.9,
GLBA15-3241,1,1.2,Y
GLNS15-1156,2,0.55,
GLNS15-2145,1,0.35,
GLNS15-1164,1,1.95,
GLNS15-1214,1,1.55,
GLNS15-2171,1,2.42,
GLNS15-2512,1,1.8,
GLNS15-2532,1,1.37,
GLNS15-2548,1,0.47,
GLNS15-1207,1,0.93,
GLBA15-1026,1,3.7,Y
GLNS15-1338,1,10.27,
GLBA15-3204,1,8.3,Y
GLNS15-1253,1,6.87,
GLBA15-1038,1,8.05,
GLBA15-3263,1,11.03,
GLBA15-1017,1,6,Y
GLBA15-3210,1,2,Y
GLBA15-1003,2,7.28,
GLNS15-1209,1,1,Y
GLBA15-1055,1,0.6,Y
GLNS15-2094,1,1.7,Y
GLNS15-1252,1,4.87,
GLNS15-2050,1,6.97,
GLNS15-2064,1,8.2,
GLNS15-2067,1,13.62,
GLNS15-1242,1,12.08,
GLBA15-1009,2,6.2,Y
GLBA15-3266,1,7,Y
GLNS15-1213,1,1.77,
GLBA15-1011,1,3.4,Y
GLBA15-3222,1,5.5,Y
GLNS15-1246,1,9.83,
GLNS15-1255,1,2.4,
GLNS15-1341,1,13.42,
GLNS15-2103,1,1.73,
GLNS15-1201,2,1.78,
GLNS15-2061,1,9.18,
GLBA15-1002,1,6,Y
GLBA15-3249,1,7,Y
GLNS15-1197,2,1.2,
GLBA15-1025,1,1.3,
GLBA15-3206,1,1.4,
GLBA15-1011,2,3.5,Y
GLNS15-2099,1,9.4,
GLNS15-2113,1,6.75,
GLNS15-2104,1,8.85,
GLNS15-1217,1,1,Y
GLNS15-2114,1,7.4,
GLNS15-2096,1,6.1,
GLNS15-2100,1,2.8,
GLNS15-1204,1,2.25,
GLNS15-2108,1,9.6,
GLNS15-1198,2,7.85,
GLNS15-1216,1,2.2,
GLNS15-2107,1,4,Y
GLNS15-2110,1,4.7,
GLNS15-1208,1,1.1,Y
GLNS15-2093,1,7.67,
GLNS15-1262,1,4.7,Y
GLNS15-2054,1,4.4,
GLNS15-1246,2,9.17,
GLBA15-3254,1,1,Y
GLNS15-2111,1,10.4,
GLNS15-2115,1,10.37,
GLNS15-1200,2,11.12,
GLNS15-1242,2,12.1,
GLBA15-1002,2,6,Y
GLNS15-2057,1,11.42,
STMR-086,1,2.03,
STMR-090,1,3.6,
STMR-071,1,2.47,
STMR-091,1,2.8,Y
STMR-058,1,1.92,
STMR-070,1,1,Y
STMR-055,1,3.5,Y
STMR-082,1,2.1,Y
STMR-060,1,1.78,
STMR-064,1,1.82,
STMR-087,1,4.43,
STMR-077,1,1.52,
STMR-089,1,1.88,
STMR-081,1,1.52,
STMR-061,1,1.38,
STMR-093,1,1.22,
STMR-073,1,1.33,
STMR-052,1,1.43,
STMR-056,1,0.93,
STMR-057,1,0.78,
STMR-063,1,1.48,
STMR-065,1,0.97,
STMR-067,1,1,
STMR-078,1,1.1,Y
STMR-083,1,2.7,
STMR-062,1,2.3,Y
STMR-053,1,2.02,
STMR-066,1,2.15,
STMR-095,1,3.75,
STMR-076,1,1.93,
STMR-079,1,1.87,
STMR-068,1,0.22,
STMR-072,1,0.78,
STMR-084,1,1.3,Y
STMR-092,1,1.17,
STMR-075,1,1.28,
STMR-059,1,1.17,
STMR-096,1,1.52,
STMR-094,1,1.3,Y
STMR-088,1,0.77,
GLNS15-2047,1,5.9,
GLNS15-1351,1,7.38,
GLNS15-1354,1,5.3,
GLNS15-2011,1,7.75,
GLNS15-1352,1,8.25,
GLNS15-1339,1,2,Y
GLBA15-1012,2,9.9,
GLNS15-2021,1,12,Y
GLNS15-1345,1,10.33,
GLBA15-3243,1,11.05,
GLNS15-1335,1,10.2,Y
LHLEC-119,1,4.28,
LHLEC-114,1,2.68,
GLNS15-2016,1,12.3,
GLBA15-1030,1,0.6,Y
GLBA15-1015,1,7.5,
GLBA15-3215,1,9.08,
GLBA15-1047,1,0.4,Y
GLBA15-1059,1,4.25,
GLBA15-1031,1,4,Y
GLNS15-2049,1,7.68,
GLBA15-3213,1,2.6,Y
GLNS15-1245,2,6.82,
GLBA15-3225,1,0.8,Y
GLNS15-1250,1,16.2,Y
GLBA15-3229,1,3.3,Y
GLBA15-1016,1,4.1,Y
GLNS15-1336,1,2.5,Y
GLBA15-3218,1,7.9,Y
GLBA15-3259,1,14.4,Y
GLBA15-1010,1,9,Y
GLBA15-1068,1,3.8,Y
GLBA15-1058,1,10.42,
GLBA15-1001,1,8.7,Y
GLBA15-1053,1,11.12,
GLNS15-2009,1,15.37,
GLBA15-3226,1,3,Y
GLNS15-1346,1,9.25,
GLNS15-2013,1,3.5,Y
GLBA15-1060,1,2.5,Y
GLNS15-2055,1,1.5,Y
GLNS15-2069,1,5.7,Y
GLNS15-1254,1,9.13,
GLBA15-1006,2,5,Y
GLBA15-3250,1,1,
GLBA15-1067,1,1.27,
GLNS15-1202,1,2,Y
GLNS15-2112,1,10.42,
GLNS15-2003,1,11.32,
GLNS15-1257,1,9.43,
GLBA15-1023,1,2.8,Y
GLNS15-1263,1,5.3,Y
GLNS15-2027,1,11.85,
GLBA15-1027,1,0.8,Y
GLNS15-1200,1,11.48,
GLNS15-1199,1,7.83,
GLNS15-1218,1,7.08,
GLNS15-1206,1,7.15,
GLNS15-2095,1,5.2,Y
GLNS15-2097,1,3.8,Y
GLNS15-1335,2,8.8,
GLNS15-2012,1,4.4,Y
STMR-074,1,1.3,Y
GLNS15-1334,1,3.6,Y
GLNS15-1333,1,10.97,
GLNS15-2004,1,14.4,
GLNS15-1342,1,2.57,
GLNS15-2010,1,0.35,
GLBA15-3211,1,0.48,
GLBA15-1046,1,0.87,
GLBA15-1033,1,0.57,
GLBA15-3303,1,0.55,
GLBA15-3227,1,0.35,
GLNS15-1333,2,7.25,
GLNS15-1334,2,3.3,Y
NCCA15-2430,1,1.13,
NCCA15-2439,1,0.68,
NCCA15-1480,1,1.08,
NCCA15-1479,1,0.72,
NCCA15-1356,1,1.63,
NCCA15-1484,1,0.95,
NCCA15-2494,1,1.55,
NCCA15-2432,1,1.38,
NCCA15-1156,1,0.88,
NCCA15-1142,1,0.42,
NCCA15-1185,1,0.6,
NCCA15-1145,1,1.17,
NCCA15-1144,1,0.87,
NCCA15-2253,1,0.93,
NCCA15-2244,1,0.93,
NCCA15-1157,1,0.77,
NCCA15-2252,1,0.46,
NCCA15-1142,2,0.62,
NCCA15-1185,2,0.5,
NCCA15-1186,2,1.22,
NCCA15-2257,1,0.95,
NCCA15-1152,1,0.98,
NCCA15-1143,1,0.71,
NCCA15-2278,1,1.4,
NCCA15-2249,1,0.57,
NCCA15-2280,1,1.32,
NCCA15-1151,1,1.05,
NCCA15-1154,1,0.88,
NCCA15-2247,1,1.8,
NCCA15-1150,1,1.42,
NCCA15-2246,1,1.4,
NCCA15-1170,1,0.58,Y
NCCA15-2261,1,0.92,
NCCA15-2259,1,1.17,
NCCA15-2275,1,0.43,
NCCA15-1168,1,0.48,
NCCA15-2258,1,0.85,
NCCA15-1160,1,1.11,
NCCA15-2271,1,1.03,
NCCA15-2245,1,0.57,
NCCA15-1143,2,0.78,
NCCA15-1155,1,0.9,
NCCA15-2265,1,0.5,
NCCA15-1162,1,0.36,
NCCA15-2273,1,0.91,
NCCA15-2248,1,0.86,
NCCA15-2263,1,1.11,
NCCA15-1148,1,0.5,
NCCA15-1171,1,1.37,
NCCA15-2256,1,0.71,
NCCA15-2267,1,1.13,
NCCA15-1172,1,1.11,
NCCA15-2277,1,0.8,
NCCA15-2264,1,0.51,
NCCA15-2266,1,0.74,
NCCA15-1159,1,0.77,
NCCA15-2268,1,0.65,
NCCA15-2255,1,1.25,
NCCA15-2250,1,0.75,
NCCA15-1164,1,0.62,
NCCA15-1173,1,0.59,
NCCA15-1147,1,1.2,Y
NCCA15-2254,1,0.3,Y
NCCA15-1174,1,0.65,
NCCA15-2274,1,0.51,
NCCA15-1167,1,0.57,
NCCA15-1169,1,0.35,
NCCA15-2272,1,0.32,
NCCA15-1161,1,1.13,
NCCA15-1165,1,0.75,
NCCA15-1158,1,1,
NCCA15-2262,1,0.65,
NCCA15-2270,1,0.61,
NCCA15-1149,1,0.72,
NCCA15-1153,1,0.75,
NCCA15-2260,1,0.56,
NCCA15-2276,1,0.97,
NCCA15-2269,1,0.55,
NCCA15-2251,1,0.65,
NCCA15-1186,1,0.72,
NCCA15-1146,1,0.68,
NCCA15-2082,1,0.7,Y
NCCA15-1038,1,0.55,
NCCA15-1042,1,1.45,
NCCA15-1041,1,2.7,Y
NCCA15-2079,1,1.5,Y
NCCA15-1037,1,2.85,
NCCA15-2081,1,0.58,
NCCA15-2077,1,1.15,
NCCA15-1039,1,1.07,
NCCA15-2078,1,1.13,
NCCA15-1040,1,1,Y
NCCA15-2084,1,1.6,
NCCA15-1038,2,1,Y
NCCA15-1037,2,1.92,
NCCA15-1600,1,0.65,
NCCA15-2162,1,1.62,
NCCA15-1614,1,0.85,
NCCA15-2129,1,1.25,
NCCA15-1548,1,0.4,
NCCA15-1553,1,0.15,
NCCA15-2163,1,0.18,
NCCA15-1557,1,0.55,
NCCA15-1556,1,1.25,
NCCA15-1559,1,1.02,
NCCA15-1546,1,1.05,
NCCA15-2137,1,1.38,
NCCA15-1617,1,1.62,
NCCA15-2138,1,0.55,
NCCA15-2131,1,2.25,
NCCA15-2132,1,2.17,
NCCA15-1602,1,0.72,
NCCA15-2158,1,0.95,
NCCA15-2156,1,0.72,
NCCA15-1603,1,0.95,
NCCA15-2160,1,0.85,
NCCA15-2161,1,0.82,
NCCA15-2159,1,1.2,
NCCA15-1556,2,1.45,
NCCA15-1600,2,0.75,
NCCA15-1546,2,0.78,
GLNS15-2185,1,4.82,
GLNS15-1304,1,3.6,
GLNS15-1290,1,4.52,
GLNS15-1294,1,3.47,
GLNS15-1307,1,4.97,
GLNS15-2189,1,7.28,
GLNS15-2203,1,4.22,
GLNS15-2187,1,0.23,
GLNS15-1291,1,4.47,
GLNS15-2191,1,3.4,
GLBA15-1032,1,0.65,
GLNS15-1305,1,0.78,
NCCA15-2109,1,3.05,
GLBA15-3216,1,1.75,
GLNS15-2193,1,7.7,Y
GLNS15-1308,1,3.72,
GLNS15-2195,1,2.58,
GLNS15-1295,1,6.4,Y
GLNS15-1298,1,5.92,
GLNS15-1303,1,6.93,
GLNS15-2204,1,7.1,Y
GLNS15-2207,1,10.02,
GLNS15-1302,1,3.4,Y
GLBA15-3260,1,2.5,Y
GLBA15-1045,1,2.85,
GLNS15-2157,1,3.9,Y
GLNS15-2186,1,7.05,
GLNS15-2190,1,5.83,
GLBA15-3219,1,4.1,Y
GLNS15-2205,1,5.2,
GLNS15-2201,1,7.07,
GLNS15-2167,1,4.97,
GLNS15-2199,1,3,Y
GLNS15-1300,1,4.42,
GLNS15-2194,1,7.97,
GLNS15-1296,1,7.2,
GLBA15-3244,1,1.22,
GLBA15-1057,1,1.82,
GLNS15-1309,1,8.17,
GLNS15-1158,1,4.48,
GLBA15-1014,1,2.3,
GLNS15-1292,1,6.8,
GLNS15-1306,1,6.58,
GLNS15-2198,1,5.85,
GLNS15-1299,1,7.47,
GLNS15-1154,1,3.53,
GLNS15-1168,1,4.73,
GLNS15-2143,1,2.55,
GLBA15-3232,1,4.52,
GLNS15-1293,1,7.77,
GLNS15-1288,1,2.53,
GLBA15-1061,1,4.53,
GLNS15-1289,1,6.05,
GLBA15-3264,1,1.85,
GLNS15-2196,1,3.43,
GLNS15-2200,1,5.03,
GLBA15-1029,1,2.52,
GLNS15-1301,1,2.75,
GLNS15-2192,1,2.55,
GLNS15-2206,1,1.97,
NCCA15-1566,2,1.2,
NCCA15-2112,1,0.98,
GLBA15-1018,1,2,Y
GLBA15-1041,1,0.7,Y
GLBA15-3248,1,3.97,
GLNS15-1154,2,6.05,
GLNS15-2202,1,6.97,
NCCA15-1611,1,0.7,
GLNS15-1297,1,6.1,Y
GLNS15-2188,1,8.75,
GLNS15-1288,2,2.87,
NCCA15-1612,1,0.67,
NCCA15-1572,1,2.93,
GLNS15-1289,2,5.5,
NCCA15-2128,1,1.55,
GLBA15-1014,2,2.43,
GLNS15-1292,2,7.73,
GLNS15-2197,1,8.47,
GLNS15-1290,2,6.35,
NCCA15-1625,1,4.45,
NCCA15-1636,1,2.5,
NCCA15-2142,1,3.45,
GLNS15-1291,2,6.72,
NCCA15-2141,1,3.68,
NCCA15-1639,1,1.1,Y
NCCA15-1638,1,2.8,
NCCA15-2145,1,2.88,
NCCA15-2140,1,1,Y
GLNS15-1155,1,4.32,
GLNS15-1166,1,5.98,
GLNS15-2166,1,5.67,
NCCA15-2143,1,2.27,
NCCA15-2144,1,1.6,Y
GLNS15-2183,1,5.87,
GLNS15-1170,1,6.08,
GLNS15-2174,1,4.02,
GLNS15-2181,1,5.88,
GLNS15-2506,1,3.65,
NCCA15-1637,1,2.42,
NCCA15-1640,1,3.18,
GLNS15-2141,1,5.5,
GLNS15-2165,1,5.57,
NCCA15-1570,1,4,
NCCA15-2107,1,0.4,
NCCA15-1629,1,4.75,
NCCA15-1612,2,1.4,
NCCA15-2151,1,0.82,
NCCA15-1613,1,2.25,
GLNS15-1155,2,4.25,
NCCA15-1625,2,5.18,
NCCA15-1636,2,4.3,Y
NCCA15-1626,1,0.62,
NCCA15-1611,2,0.78,
NCCA15-2127,1,0.53,
NCCA15-1618,1,1.25,
GLNS15-2505,1,6,
NCCA15-2110,1,3.22,
NCCA15-2114,1,2.63,
NCCA15-1568,1,3.2,
NCCA15-1566,1,1.58,
NCCA15-2106,1,2.15,
NCCA15-1569,1,2.93,
NCCA15-1579,1,2.68,
NCCA15-2115,1,2.87,
NCCA15-2108,1,3.45,
NCCA15-1575,1,3.55,
GLNS15-2509,1,3.4,
GLNS15-2139,1,4.12,
GLNS15-2152,1,2.48,
GLNS15-1165,1,0.93,
GLNS15-1153,1,0.62,
GLNS15-2150,1,1.6,
GLNS15-2142,1,0.33,Y
GLNS15-2156,1,0.41,
GLNS15-1173,1,0.83,
GLNS15-2140,1,4.07,
GLBA15-3267,1,0.5,
GLNS15-1171,1,5.87,
GLNS15-1163,1,1.1,Y
GLNS15-2161,1,3.3,
GLNS15-1157,1,3.38,
GLNS15-2164,1,0.26,
GLNS15-2147,1,1.05,
GLNS15-2144,1,4.62,
GLNS15-1160,1,0.24,
GLNS15-2168,1,0.51,
GLNS15-2149,1,0.99,
GLNS15-1152,1,1.78,
GLNS15-1167,1,2.45,
GLNS15-1172,1,1.24,
GLNS15-2154,1,2.98,
GLNS15-2163,1,3.62,
GLNS15-1161,1,1.37,
GLNS15-1152,2,0.56,
GLBA15-3223,1,1.63,
GLNS15-2169,1,2.35,
GLNS15-2516,1,0.5,
GLNS15-2540,1,0.77,
GLNS15-2544,1,0.65,
GLNS15-2556,1,0.55,
GLNS15-1153,2,2.53,
GLNS15-2527,1,0.6,
GLNS15-2535,1,1.37,
GLNS15-1159,1,3.42,
GLNS15-2155,1,3.62,
GLNS15-2176,1,1.67,
GLNS15-2172,1,2,
GLNS15-2175,1,1.35,
GLBA15-3207,1,0.25,
GLBA15-1056,1,1.2,
GLBA15-1064,1,0.2,
GLNS15-2173,1,1.57,
LHLEC-015,1,1.05,
LHLEC-030,1,1.95,
LHLEC-080,1,1.67,
LHLEC-078,1,2.78,
LHLEC-094,1,4.3,
LHLEC-093,1,4.28,
LHLEC-104,1,1.85,
LHLEC-102,1,2.68,
LHLEC-100,1,1,
LHLEC-077,1,5.88,
LHLEC-101,1,5.42,
LHLEC-023,1,1,
LHLEC-085,1,2.87,
LHLEC-105,1,2,
LHLEC-089,1,3.93,
LHLEC-013,1,2.82,
LHLEC-017,1,2.68,
LHLEC-022,1,2.17,
LHLEC-095,1,2.92,
LHLEC-010,1,2.02,
LHLEC-040,1,4.2,Y
LHLEC-038,1,1.27,
LHLEC-030,1,1.37,
LHLEC-035,1,1.92,
LHLEC-043,1,1.77,
LHLEC-047,1,1.43,
LHLEC-034,1,6.23,
LHLEC-050,1,3.82,
LHLEC-029,1,1,Y
LHLEC-033,1,4.57,
LHLEC-045,1,6.03,
STMR-039,1,7.28,
STMR-003,1,3.6,Y
STMR-023,1,1.5,Y
STMR-006,1,2.25,
STMR-018,1,2.1,
STMR-019,1,3.32,
STMR-022,1,3.84,
STMR-042,1,1.1,Y
STMR-032,1,1.73,
STMR-016,1,1.93,
STMR-048,1,2.22,
STMR-043,1,3.7,
LHLEC-039,1,1.75,
LHLEC-101,1,6.5,Y
LHLEC-105,1,3.03,
LHLEC-108,1,4.6,Y
LHLEC-110,1,5.7,Y
LHLEC-112,1,1.7,Y
LHLEC-104,1,1.23,
LHLEC-109,1,1.35,
LHLEC-116,1,3.82,
LHLEC-120,1,2.75,
LHLEC-113,1,6.7,Y
LHLEC-117,1,6.5,Y
LHLEC-118,1,3.93,
LHLEC-121,1,2.12,
LHLEC-124,1,4.17,
LHLEC-049,1,4.07,
STMR-080,1,1.87,
STMR-085,1,1.6,
LHLEC-102,1,3.63,
NCCA15-1226,1,0.8,
NCCA15-2645,1,0.9,
NCCA15-1238,1,0.57,
NCCA15-2656,1,2.13,
NCCA15-1224,1,1.97,
NCCA15-1240,1,1.67,
NCCA15-1256,1,1.95,
NCCA15-2654,1,1.37,
NCCA15-1244,1,0.82,
NCCA15-1241,1,5.8,
NCCA15-2657,1,1.63,
NCCA15-1248,1,1.45,
NCCA15-1256,2,3.07,
NCCA15-2647,1,1.9,
GLBA15-1052,1,1.6,
GLBA15-3255,1,2.33,
GLBA15-1013,1,2.8,
GLBA15-3239,1,1.5,Y
GLNS15-2158,1,5.63,
GLNS15-1162,1,0.98,
GLNS15-2148,1,5.1,
GLBA15-1013,2,1.7,
GLNS15-2170,1,5.03,
GLNS15-2502,1,2.72,
NCCA15-1589,1,1.78,
NCCA15-1590,1,1.69,
NCCA15-1588,1,3.59,
NCCA15-1592,1,1.85,
NCCA15-2094,1,2.78,
NCCA15-2095,1,2.65,
NCCA15-2090,1,2.6,
NCCA15-2093,1,1.8,
NCCA15-1591,1,1.75,
NCCA15-2091,1,2.12,
NCCA15-1624,1,6.43,
NCCA15-2101,1,1.75,
NCCA15-2102,1,1.8,Y
NCCA15-2092,1,6.55,
NCCA15-1588,2,7.02,
NCCA15-1624,2,5.75,
NCCA15-1628,1,5.83,
NCCA15-2103,1,5.17,
SCCA15-5366,1,0.58,
NCCA15-1206,1,0.67,
SCCA15-5093,1,0.35,
NCCA15-1203,1,0.67,
SCCA15-5367,1,0.78,
SCCA15-5091,1,0.45,
SCCA15-5362,1,0.65,
NCCA15-1215,1,0.65,
SCCA15-5368,1,0.65,
NCCA15-1205,1,0.85,
NCCA15-1213,1,0.97,
SCCA15-5364,1,0.8,
NCCA15-1204,1,0.85,
SCCA15-5092,1,0.75,
SCCA15-5095,1,1.08,
NCCA15-1207,1,0.83,
NCCA15-1216,1,0.8,
NCCA15-1203,2,0.55,
NCCA15-1213,2,0.68,
NCCA15-1214,1,0.65,
SCCA15-5089,1,0.92,
SCCA15-5097,1,0.25,
NCCA15-1217,1,0.65,
SCCA15-5365,1,1.15,
NCCA15-2553,1,0.2,
NCCA15-2554,1,0.4,
NCCA15-2534,1,0.68,
NCCA15-1371,1,0.35,
NCCA15-1376,1,0.55,
NCCA15-2582,1,0.1,
NCCA15-2587,1,0.17,
NCCA15-2581,1,0.17,
NCCA15-1462,1,0.1,
NCCA15-1466,1,0.1,
NCCA15-1378,1,1.4,Y
NCCA15-2540,1,0.6,Y
NCCA15-1370,1,0.63,
NCCA15-1390,1,0.5,
NCCA15-1391,1,0.2,
NCCA15-2552,1,0.2,
NCCA15-2555,1,0.28,
NCCA15-1392,1,0.23,
NCCA15-1401,1,0.23,
NCCA15-1400,1,0.15,
NCCA15-1373,1,0.25,
NCCA15-1377,1,0.42,
NCCA15-2532,1,0.3,
NCCA15-2539,1,0.45,
NCCA15-1371,2,0.15,
NCCA15-1462,2,0.1,
NCCA15-1372,1,0.47,
NCCA15-1379,1,0.5,
NCCA15-1375,1,0.27,
NCCA15-2537,1,0.37,
NCCA15-2574,1,0.65,
NCCA15-1390,2,0.62,
NCCA15-2573,1,0.75,
NCCA15-2536,1,0.2,
NCCA15-1374,1,0.48,
NCCA15-2531,1,0.3,Y
NCCA15-2535,1,0.1,
NCCA15-1370,2,0.63,
NCCA15-2533,1,0.85,
NCCA15-2538,1,0.47,
NCCA15-1403,1,1.13,
NCCA15-2563,1,1.17,
NCCA15-2565,1,0.87,
NCCA15-2561,1,0.25,
NCCA15-2562,1,0.65,
NCCA15-2566,1,0.5,
NCCA15-1464,1,0.32,
NCCA15-2583,1,0.2,Y
NCCA15-1402,1,0.15,
NCCA15-1404,1,0.35,
NCCA15-1400,2,0.35,
NCCA15-1463,1,0.1,
NCCA15-1465,1,0.25,
NCCA15-2585,1,0.32,
NCCA15-2564,1,0.35,
NCCA15-2586,1,0.15,
NCCA15-2551,1,0.35,
NCCA15-1393,1,0.57,
NCCA15-1394,1,0.45,
NCCA15-2575,1,0.8,
NCCA15-1506,1,0.45,
NCCA15-1516,1,0.25,
NCCA15-1500,1,0.25,Y
NCCA15-1499,1,0.42,
NCCA15-2192,1,0.36,
NCCA15-2208,1,0.17,
NCCA15-1521,1,1.27,
NCCA15-2195,1,1.5,
NCCA15-2213,1,1.36,
NCCA15-1510,1,0.6,
NCCA15-2197,1,1.35,
NCCA15-2205,1,1,Y
NCCA15-2199,1,0.5,
NCCA15-2239,1,1.2,
NCCA15-1501,1,3.47,
NCCA15-1500,2,0.7,
NCCA15-1503,1,1.2,
NCCA15-1504,1,1.8,
NCCA15-1508,1,0.29,
NCCA15-1515,1,0.81,
NCCA15-2193,1,0.68,
NCCA15-2207,1,0.58,
NCCA15-1499,2,0.6,
NCCA15-2217,1,1.91,
NCCA15-1175,1,0.22,
NCCA15-1284,1,2.42,
NCCA15-1278,1,3.18,
NCCA15-1287,1,5.85,
NCCA15-2705,1,3.9,
NCCA15-1281,1,7.45,
NCCA15-1277,1,2.88,
NCCA15-1283,1,9,Y
NCCA15-2706,1,7.7,
NCCA15-2700,1,3.52,
NCCA15-2703,1,4.62,
NCCA15-1288,1,3.92,
NCCA15-1277,2,2.4,Y
NCCA15-1255,1,0.35,
NCCA15-2660,1,1.25,
NCCA15-2663,1,2.18,
NCCA15-2664,1,0.4,Y
NCCA15-2668,1,0.6,Y
NCCA15-2678,1,3.77,
NCCA15-2671,1,1.77,
NCCA15-2667,1,2,Y
NCCA15-2672,1,0.45,
NCCA15-2679,1,0.72,
NCCA15-2644,1,3.45,
NCCA15-2650,1,2.57,
NCCA15-2701,1,6.53,
NCCA15-1225,1,1.3,
NCCA15-2698,1,2.32,
NCCA15-2702,1,3.42,
NCCA15-1280,1,2.58,
NCCA15-2694,1,3.18,
NCCA15-2704,1,2.78,
NCCA15-1282,1,2.4,
NCCA15-1285,1,1.42,
NCCA15-1286,1,3.08,
NCCA15-2693,1,0.9,
NCCA15-2691,1,3.58,
NCCA15-1279,1,2.27,
NCCA15-2699,1,4.3,
NCCA15-2707,1,1.88,
NCCA15-1278,2,8.3,
NCCA15-2709,1,3.58,
NCCA15-1236,1,1.6,Y
NCCA15-2673,1,1.95,
NCCA15-1246,1,2.55,
NCCA15-2666,1,1.82,
NCCA15-1242,1,1.38,
NCCA15-2662,1,0.45,
NCCA15-2670,1,0.35,
NCCA15-1249,1,0.45,
NCCA15-1237,1,1.2,Y
NCCA15-1247,1,1.22,
NCCA15-1239,1,2.45,
NCCA15-1243,1,0.68,
NCCA15-2661,1,1.18,
GLBA15-3228,1,1.62,
GLBA15-3208,1,1.5,Y
GLBA15-1065,1,1,Y
GLBA15-1054,1,2.3,Y
GLBA15-3233,1,2.7,Y
GLNS15-2059,1,3.33,
GLNS15-1256,1,4.05,
GLNS15-1344,1,4.38,
GLBA15-1004,2,7.63,
GLBA15-1007,2,3.5,
GLBA15-1049,1,3.9,Y
GLBA15-3212,1,5.5,Y
GLNS15-2015,1,11.33,
GLNS15-1244,2,4.65,
GLNS15-1243,2,6.73,
GLBA15-1022,1,3.63,
GLBA15-3268,1,3,Y
GLBA15-1007,1,4.17,
GLBA15-3224,1,2.28,
GLBA15-1039,1,8.5,Y
GLBA15-3217,1,8.2,Y
GLNS15-1243,1,9.08,
GLNS15-2068,1,12.32,
GLNS15-1251,1,8.02,
GLNS15-1261,1,10.48,
GLNS15-1244,1,0.48,
GLNS15-2062,1,7.7,
GLNS15-2022,1,3.05,
GLNS15-2008,1,7.95,
GLNS15-1349,1,7.4,
GLNS15-2060,1,10.98,
GLBA15-3220,1,8.92,
GLNS15-2018,1,6.2,
GLNS15-1260,1,7.35,
GLBA15-3201,1,1.7,Y
GLBA15-1004,1,8.47,
GLBA15-3240,1,0.35,
GLBA15-1019,1,2.8,
GLBA15-3256,1,2.23,
GLBA15-1062,1,1.9,Y
GLNS15-2048,1,3.4,
GLNS15-2063,1,2.28,
GLBA15-3252,1,0.92,
NCCA15-01,1,3.2,
NCCA15-02,1,3.87,
NCCA15-04,1,4.8,
NCCA15-12,1,6.33,
NCCA15-13,1,6.07,
NCCA15-05,1,2.05,
NCCA15-08,1,1.8,Y
NCCA15-10,1,2.4,Y
NCCA15-11,1,2.3,
NCCA15-09,1,4.1,Y
NCCA15-07,1,0.92,
NCCA15-06,1,1.35,
STMT-043,1,3.72,
STMT-029,1,1.5,Y
STMT-094,1,4.2,
STMT-088,1,3.42,
STMT-095,1,1.7,Y
STMT-008,1,1,Y
STMT-091,1,1.1,Y
STMT-003,1,2.57,
STMT-021,1,3.4,Y
STMT-027,1,2.5,Y
STMT-090,1,1,Y
STMT-092,1,2.52,
STMT-093,1,1.35,
STMT-096,1,0.97,
STMT-097,1,0.93,
STMT-089,1,2.9,
STMR-096X,1,1.68,
